Village Name,Tab No,,,,,,,,,
paidurpadu,96,,,,,,,,,
paidurpadu,99,,,,,,,,,
paidurpadu,106,,,,,,,,,
paidurpadu,103,,,,,,,,,
paidurpadu,97,,,,,,,,,
Jakkampudi,93,,,,,,,,,
Jakkampudi,94,,,,,,,,,
Jakkampudi,95,,,,,,,,,
Jakkampudi,96,,,,,,,,,
Jakkampudi,97,,,,,,,,,
Jakkampudi,98,,,,,,,,,
Jakkampudi,99,,,,,,,,,
Jakkampudi,100,,,,,,,,,
Jakkampudi,101,,,,,,,,,
Jakkampudi,102,,,,,,,,,
Jakkampudi,104,,,,,,,,,
Jakkampudi,105,,,,,,,,,
Jakkampudi,106,,,,,,,,,
Rayanipadu,101,,,,,,,,,
Rayanipadu,104,,,,,,,,,
Rayanipadu,102,,,,,,,,,s
Rayanipadu,100,,,,,,,,,
Rayanipadu,105,,,,,,,,,
Rayanipadu,93,,,,,,,,,
Kottur tadepalli,93,,,,,,,,,
Kottur tadepalli,94,,,,,,,,,
Kottur tadepalli,95,,,,,,,,,
Kottur tadepalli,96,,,,,,,,,
Kottur tadepalli,97,,,,,,,,,
Kottur tadepalli,98,,,,,,,,,
Kottur tadepalli,99,,,,,,,,,
Kottur tadepalli,100,,,,,,,,,
Kottur tadepalli,101,,,,,,,,,
Kottur tadepalli,102,,,,,,,,,
Kottur tadepalli,104,,,,,,,,,
Kottur tadepalli,105,,,,,,,,,
Kottur tadepalli,106,,,,,,,,,
Ganapavaram,359,,,,,,,,,
Ganapavaram,379,,,,,,,,,
Ganapavaram,363,,,,,,,,,
Ganapavaram,375,,,,,,,,,
Ganapavaram,362,,,,,,,,,
Ganapavaram,380,,,,,,,,,
Ganapavaram,354,,,,,,,,,
Ganapavaram,373,,,,,,,,,
Ganapavaram,377,,,,,,,,,
Ganapavaram,370,,,,,,,,,
Tholukodu,351,,,,,,,,,
Tholukodu,353,,,,,,,,,
Tholukodu,355,,,,,,,,,
Tholukodu,360,,,,,,,,,
Tholukodu,361,,,,,,,,,
Tholukodu,364,,,,,,,,,
Tholukodu,368,,,,,,,,,
Tholukodu,371,,,,,,,,,
Tholukodu,376,,,,,,,,,
Velvadam,351,,,,,,,,,
Velvadam,353,,,,,,,,,
Velvadam,355,,,,,,,,,
Velvadam,360,,,,,,,,,
Velvadam,361,,,,,,,,,
Velvadam,364,,,,,,,,,
Velvadam,368,,,,,,,,,
Velvadam,371,,,,,,,,,
Velvadam,376,,,,,,,,,
Chandrala,359,,,,,,,,,
Chandrala,379,,,,,,,,,
Chandrala,363,,,,,,,,,
Chandrala,375,,,,,,,,,
Chandrala,362,,,,,,,,,
Chandrala,380,,,,,,,,,
Chandrala,354,,,,,,,,,
Chandrala,373,,,,,,,,,
Chandrala,377,,,,,,,,,
Chandrala,370,,,,,,,,,
k.r.gudem,351,,,,,,,,,
k.r.gudem,353,,,,,,,,,
k.r.gudem,355,,,,,,,,,
k.r.gudem,360,,,,,,,,,
k.r.gudem,361,,,,,,,,,
k.r.gudem,364,,,,,,,,,
k.r.gudem,368,,,,,,,,,
k.r.gudem,371,,,,,,,,,
k.r.gudem,376,,,,,,,,,
pullur,351,,,,,,,,,
pullur,353,,,,,,,,,
pullur,355,,,,,,,,,
pullur,360,,,,,,,,,
pullur,361,,,,,,,,,
pullur,364,,,,,,,,,
pullur,368,,,,,,,,,
pullur,371,,,,,,,,,
pullur,376,,,,,,,,,
pullur,357,,,,,,,,,
pullur,275,,,,,,,,,
pullur,358,,,,,,,,,
pullur,378,,,,,,,,,
pullur,274,,,,,,,,,
pullur,365,,,,,,,,,
pullur,367,,,,,,,,,
pullur,352,,,,,,,,,
pullur,374,,,,,,,,,
pullur,263,,,,,,,,,
Pondugala,357,,,,,,,,,
Pondugala,275,,,,,,,,,
Pondugala,358,,,,,,,,,
Pondugala,378,,,,,,,,,
Pondugala,274,,,,,,,,,
Pondugala,365,,,,,,,,,
Pondugala,367,,,,,,,,,
Pondugala,352,,,,,,,,,
Pondugala,374,,,,,,,,,
Pondugala,263,,,,,,,,,
Chandragudem,359,,,,,,,,,
Chandragudem,379,,,,,,,,,
Chandragudem,363,,,,,,,,,
Chandragudem,375,,,,,,,,,
Chandragudem,362,,,,,,,,,
Chandragudem,380,,,,,,,,,
Chandragudem,354,,,,,,,,,
Chandragudem,373,,,,,,,,,
Chandragudem,377,,,,,,,,,
Chandragudem,370,,,,,,,,,
Morsumalli,357,,,,,,,,,
Morsumalli,275,,,,,,,,,
Morsumalli,358,,,,,,,,,
Morsumalli,378,,,,,,,,,
Morsumalli,274,,,,,,,,,
Morsumalli,365,,,,,,,,,
Morsumalli,367,,,,,,,,,
Morsumalli,352,,,,,,,,,
Morsumalli,374,,,,,,,,,
Morsumalli,263,,,,,,,,,
mylavaram,359,,,,,,,,,
mylavaram,379,,,,,,,,,
mylavaram,363,,,,,,,,,
mylavaram,375,,,,,,,,,
mylavaram,362,,,,,,,,,
mylavaram,380,,,,,,,,,
mylavaram,354,,,,,,,,,
mylavaram,373,,,,,,,,,
mylavaram,377,,,,,,,,,
mylavaram,370,,,,,,,,,
mylavaram,351,,,,,,,,,
mylavaram,353,,,,,,,,,
mylavaram,355,,,,,,,,,
mylavaram,360,,,,,,,,,
mylavaram,361,,,,,,,,,
mylavaram,364,,,,,,,,,
mylavaram,368,,,,,,,,,
mylavaram,371,,,,,,,,,
mylavaram,376,,,,,,,,,
mylavaram,357,,,,,,,,,
mylavaram,275,,,,,,,,,
mylavaram,358,,,,,,,,,
mylavaram,378,,,,,,,,,
mylavaram,274,,,,,,,,,
mylavaram,365,,,,,,,,,
mylavaram,367,,,,,,,,,
mylavaram,352,,,,,,,,,
mylavaram,374,,,,,,,,,
mylavaram,263,,,,,,,,,
Patha naguluru,262,,,,,,,,,
Patha naguluru,265,,,,,,,,,
Patha naguluru,271,,,,,,,,,
Patha naguluru,277,,,,,,,,,
Patha naguluru,287,,,,,,,,,
Patha naguluru,290,,,,,,,,,
Moddulaparva,264,,,,,,,,,
Moddulaparva,268,,,,,,,,,
Moddulaparva,272,,,,,,,,,
Moddulaparva,276,,,,,,,,,
Moddulaparva,366,,,,,,,,,
Moddulaparva,369,,,,,,,,,
Narukullapadu,270,,,,,,,,,
Narukullapadu,278,,,,,,,,,
Narukullapadu,281,,,,,,,,,
Narukullapadu,283,,,,,,,,,
Narukullapadu,286,,,,,,,,,
Narukullapadu,288,,,,,,,,,
Rudra varam,269,,,,,,,,,
Rudra varam,279,,,,,,,,,
Rudra varam,282,,,,,,,,,
Rudra varam,285,,,,,,,,,
Rudra varam,289,,,,,,,,,
Rudra varam,284,,,,,,,,,
Annerao peta,264,,,,,,,,,
Annerao peta,268,,,,,,,,,
Annerao peta,272,,,,,,,,,
Annerao peta,276,,,,,,,,,
Annerao peta,366,,,,,,,,,
Annerao peta,369,,,,,,,,,
kudapa,262,,,,,,,,,
kudapa,265,,,,,,,,,
kudapa,271,,,,,,,,,
kudapa,277,,,,,,,,,
kudapa,287,,,,,,,,,
kudapa,290,,,,,,,,,
Kunaparajparva,266,,,,,,,,,
Kunaparajparva,261,,,,,,,,,
Kunaparajparva,280,,,,,,,,,
Kunaparajparva,356,,,,,,,,,
Kunaparajparva,273,,,,,,,,,
Kunaparajparva,267,,,,,,,,,
Muchanapalli,269,,,,,,,,,
Muchanapalli,279,,,,,,,,,
Muchanapalli,282,,,,,,,,,
Muchanapalli,285,,,,,,,,,
Muchanapalli,289,,,,,,,,,
Muchanapalli,284,,,,,,,,,
K-Naguluru,262,,,,,,,,,
K-Naguluru,265,,,,,,,,,
K-Naguluru,271,,,,,,,,,
K-Naguluru,277,,,,,,,,,
K-Naguluru,287,,,,,,,,,
K-Naguluru,290,,,,,,,,,
Reddygudem,262,,,,,,,,,
Reddygudem,265,,,,,,,,,
Reddygudem,271,,,,,,,,,
Reddygudem,277,,,,,,,,,
Reddygudem,287,,,,,,,,,
Reddygudem,290,,,,,,,,,
Reddygudem,269,,,,,,,,,
Reddygudem,279,,,,,,,,,
Reddygudem,282,,,,,,,,,
Reddygudem,285,,,,,,,,,
Reddygudem,289,,,,,,,,,
Reddygudem,284,,,,,,,,,
Reddygudem,266,,,,,,,,,
Reddygudem,261,,,,,,,,,
Reddygudem,280,,,,,,,,,
Reddygudem,356,,,,,,,,,
Reddygudem,273,,,,,,,,,
Reddygudem,267,,,,,,,,,
Reddygudem,264,,,,,,,,,
Reddygudem,268,,,,,,,,,
Reddygudem,272,,,,,,,,,
Reddygudem,276,,,,,,,,,
Reddygudem,366,,,,,,,,,
Reddygudem,369,,,,,,,,,
Reddygudem,270,,,,,,,,,
Reddygudem,278,,,,,,,,,
Reddygudem,281,,,,,,,,,
Reddygudem,283,,,,,,,,,
Reddygudem,286,,,,,,,,,
Reddygudem,288,,,,,,,,,
Rangapuram,270,,,,,,,,,
Rangapuram,278,,,,,,,,,
Rangapuram,281,,,,,,,,,
Rangapuram,283,,,,,,,,,
Rangapuram,286,,,,,,,,,
Rangapuram,288,,,,,,,,,
Chilukuru,88,,,,,,,,,
Chilukuru,90,,,,,,,,,
Chilukuru,77,,,,,,,,,
Chilukuru,53,,,,,,,,,
Chilukuru,80,,,,,,,,,
Chilukuru,76,,,,,,,,,
Chilukuru,79,,,,,,,,,
Chilukuru,85,,,,,,,,,
Chilukuru,78,,,,,,,,,
Damuluru,88,,,,,,,,,
Damuluru,90,,,,,,,,,
Damuluru,77,,,,,,,,,
Damuluru,53,,,,,,,,,
Damuluru,80,,,,,,,,,
Damuluru,76,,,,,,,,,
Damuluru,79,,,,,,,,,
Damuluru,85,,,,,,,,,
Damuluru,78,,,,,,,,,
Elaprolu,61,,,,,,,,,
Elaprolu,62,,,,,,,,,
Elaprolu,63,,,,,,,,,
Elaprolu,69,,,,,,,,,
Elaprolu,71,,,,,,,,,
Elaprolu,72,,,,,,,,,
Kotikalapudi,88,,,,,,,,,
Kotikalapudi,90,,,,,,,,,
Kotikalapudi,77,,,,,,,,,
Kotikalapudi,53,,,,,,,,,
Kotikalapudi,80,,,,,,,,,
Kotikalapudi,76,,,,,,,,,
Kotikalapudi,79,,,,,,,,,
Kotikalapudi,85,,,,,,,,,
Kotikalapudi,78,,,,,,,,,
Thummalapalem,57,,,,,,,,,
Thummalapalem,55,,,,,,,,,
Thummalapalem,60,,,,,,,,,
Thummalapalem,59,,,,,,,,,
Thummalapalem,116,,,,,,,,,
Kachavaram,70,,,,,,,,,
Kachavaram,82,,,,,,,,,
Kachavaram,86,,,,,,,,,
Kachavaram,84,,,,,,,,,
Kachavaram,91,,,,,,,,,
Kachavaram,81,,,,,,,,,
Kachavaram,52,,,,,,,,,
Mulapadu,68,,,,,,,,,
Mulapadu,73,,,,,,,,,
Mulapadu,65,,,,,,,,,
Mulapadu,67,,,,,,,,,
Mulapadu,66,,,,,,,,,
Kethanakonda,70,,,,,,,,,
Kethanakonda,82,,,,,,,,,
Kethanakonda,86,,,,,,,,,
Kethanakonda,84,,,,,,,,,
Kethanakonda,91,,,,,,,,,
Kethanakonda,81,,,,,,,,,
Kethanakonda,52,,,,,,,,,
Jupudi,68,,,,,,,,,
Jupudi,73,,,,,,,,,
Jupudi,65,,,,,,,,,
Jupudi,67,,,,,,,,,
Jupudi,66,,,,,,,,,
GunTupalli,57,,,,,,,,,
GunTupalli,55,,,,,,,,,
GunTupalli,60,,,,,,,,,
GunTupalli,59,,,,,,,,,
GunTupalli,116,,,,,,,,,
GunTupalli,61,,,,,,,,,
GunTupalli,62,,,,,,,,,
GunTupalli,63,,,,,,,,,
GunTupalli,69,,,,,,,,,
GunTupalli,71,,,,,,,,,
GunTupalli,72,,,,,,,,,
Kondapalli,262,,,,,,,,,
Kondapalli,269,,,,,,,,,
Kondapalli,271,,,,,,,,,
Kondapalli,277,,,,,,,,,
Kondapalli,279,,,,,,,,,
Kondapalli,287,,,,,,,,,
Kondapalli,290,,,,,,,,,
Kondapalli,351,,,,,,,,,
Kondapalli,353,,,,,,,,,
Kondapalli,350,,,,,,,,,
Kondapalli,265,,,,,,,,,
Kondapalli,368,,,,,,,,,
Kondapalli,376,,,,,,,,,
Kondapalli,171,,,,,,,,,
Kondapalli,179,,,,,,,,,
Kondapalli,182,,,,,,,,,
Kondapalli,191,,,,,,,,,
Kondapalli,288,,,,,,,,,
Kondapalli,286,,,,,,,,,
Kondapalli,283,,,,,,,,,
Kondapalli,375,,,,,,,,,
Kondapalli,358,,,,,,,,,
Kondapalli,365,,,,,,,,,
Kondapalli,363,,,,,,,,,
Kondapalli,374,,,,,,,,,
Kondapalli,275,,,,,,,,,
Kondapalli,263,,,,,,,,,
Kondapalli,361,,,,,,,,,
Kondapalli,364,,,,,,,,,
Kondapalli,362,,,,,,,,,
Kondapalli,367,,,,,,,,,
Kondapalli,184,,,,,,,,,
Kondapalli,180,,,,,,,,,
Kondapalli,92,,,,,,,,,
Kondapalli,183,,,,,,,,,
Kondapalli,186,,,,,,,,,
Kondapalli,185,,,,,,,,,
Kondapalli,181,,,,,,,,,
Kondapalli,194,,,,,,,,,
Kondapalli,195,,,,,,,,,
Kondapalli,198,,,,,,,,,
Kondapalli,199,,,,,,,,,
Kondapalli,52,,,,,,,,,
Kondapalli,370,,,,,,,,,
Kondapalli,253,,,,,,,,,
Kondapalli,147,,,,,,,,,
Kondapalli,246,,,,,,,,,
Kondapalli,242,,,,,,,,,
Kondapalli,237,,,,,,,,,
Kondapalli,245,,,,,,,,,
Kondapalli,51,,,,,,,,,
Kondapalli,54,,,,,,,,,
Kondapalli,58,,,,,,,,,
Kondapalli,197,,,,,,,,,
Kondapalli,267,,,,,,,,,
Kondapalli,65,,,,,,,,,
Kondapalli,66,,,,,,,,,
Kondapalli,67,,,,,,,,,
Kondapalli,68,,,,,,,,,
Kondapalli,69,,,,,,,,,
Kondapalli,53,,,,,,,,,
Kondapalli,78,,,,,,,,,
Kondapalli,76,,,,,,,,,
Kondapalli,80,,,,,,,,,
Kondapalli,378,,,,,,,,,
Atkur,195,,,,,,,,,
Atkur,196,,,,,,,,,
Atkur,197,,,,,,,,,
Atkur,198,,,,,,,,,
Atkur,199,,,,,,,,,
Atkur,179,,,,,,,,,
Atkur,180,,,,,,,,,
Atkur,182,,,,,,,,,
Atkur,188,,,,,,,,,
Atkur,189,,,,,,,,,
Atkur,191,,,,,,,,,
Atkur,190,,,,,,,,,
Atkur,171,,,,,,,,,
Atkur,193,,,,,,,,,
Atkur,187,,,,,,,,,
China nadigama,184,,,,,,,,,
China nadigama,185,,,,,,,,,
China nadigama,186,,,,,,,,,
China nadigama,192,,,,,,,,,
China nadigama,194,,,,,,,,,
China nadigama,183,,,,,,,,,
China nadigama,181,,,,,,,,,
Chevuturu,188,,,,,,,,,
Chevuturu,189,,,,,,,,,
Chevuturu,191,,,,,,,,,
Chevuturu,190,,,,,,,,,
Chevuturu,171,,,,,,,,,
Chevuturu,193,,,,,,,,,
Chevuturu,187,,,,,,,,,
Duggiralapadu,195,,,,,,,,,
Duggiralapadu,196,,,,,,,,,
Duggiralapadu,197,,,,,,,,,
Duggiralapadu,198,,,,,,,,,
Duggiralapadu,199,,,,,,,,,
Duggiralapadu,179,,,,,,,,,
Duggiralapadu,180,,,,,,,,,
Duggiralapadu,182,,,,,,,,,
Gaddamanugu,195,,,,,,,,,
Gaddamanugu,196,,,,,,,,,
Gaddamanugu,197,,,,,,,,,
Gaddamanugu,198,,,,,,,,,
Gaddamanugu,199,,,,,,,,,
Gaddamanugu,179,,,,,,,,,
Gaddamanugu,180,,,,,,,,,
Gaddamanugu,182,,,,,,,,,
Gurrajupalem,195,,,,,,,,,
Gurrajupalem,196,,,,,,,,,
Gurrajupalem,197,,,,,,,,,
Gurrajupalem,198,,,,,,,,,
Gurrajupalem,199,,,,,,,,,
Gurrajupalem,179,,,,,,,,,
Gurrajupalem,180,,,,,,,,,
Gurrajupalem,182,,,,,,,,,
H.Muthalampadu,195,,,,,,,,,
H.Muthalampadu,196,,,,,,,,,
H.Muthalampadu,197,,,,,,,,,
H.Muthalampadu,198,,,,,,,,,
H.Muthalampadu,199,,,,,,,,,
H.Muthalampadu,179,,,,,,,,,
H.Muthalampadu,180,,,,,,,,,
H.Muthalampadu,182,,,,,,,,,
H.Muthalampadu,188,,,,,,,,,
H.Muthalampadu,189,,,,,,,,,
H.Muthalampadu,191,,,,,,,,,
H.Muthalampadu,190,,,,,,,,,
H.Muthalampadu,171,,,,,,,,,
H.Muthalampadu,193,,,,,,,,,
H.Muthalampadu,187,,,,,,,,,
Kandulapadu,184,,,,,,,,,
Kandulapadu,185,,,,,,,,,
Kandulapadu,186,,,,,,,,,
Kandulapadu,192,,,,,,,,,
Kandulapadu,194,,,,,,,,,
Kandulapadu,183,,,,,,,,,
Kandulapadu,181,,,,,,,,,
Kavuluru,172,,,,,,,,,
Kavuluru,176,,,,,,,,,
Kavuluru,173,,,,,,,,,
Kavuluru,175,,,,,,,,,
Kavuluru,174,,,,,,,,,
Kavuluru,178,,,,,,,,,
Kavuluru,177,,,,,,,,,
Koduru,184,,,,,,,,,
Koduru,185,,,,,,,,,
Koduru,186,,,,,,,,,
Koduru,192,,,,,,,,,
Koduru,194,,,,,,,,,
Koduru,183,,,,,,,,,
Koduru,181,,,,,,,,,
Pinapaka,172,,,,,,,,,
Pinapaka,176,,,,,,,,,
Pinapaka,173,,,,,,,,,
Pinapaka,175,,,,,,,,,
Pinapaka,174,,,,,,,,,
Pinapaka,178,,,,,,,,,
Pinapaka,177,,,,,,,,,
Venkatapuram,188,,,,,,,,,
Venkatapuram,189,,,,,,,,,
Venkatapuram,191,,,,,,,,,
Venkatapuram,190,,,,,,,,,
Venkatapuram,171,,,,,,,,,
Venkatapuram,193,,,,,,,,,
Venkatapuram,187,,,,,,,,,
Telladevarapadu,172,,,,,,,,,
Telladevarapadu,176,,,,,,,,,
Telladevarapadu,173,,,,,,,,,
Telladevarapadu,175,,,,,,,,,
Telladevarapadu,174,,,,,,,,,
Telladevarapadu,178,,,,,,,,,
Telladevarapadu,177,,,,,,,,,
Sunnampadu,172,,,,,,,,,
Sunnampadu,176,,,,,,,,,
Sunnampadu,173,,,,,,,,,
Sunnampadu,175,,,,,,,,,
Sunnampadu,174,,,,,,,,,
Sunnampadu,178,,,,,,,,,
Sunnampadu,177,,,,,,,,,
Gangineni palem,195,,,,,,,,,
Gangineni palem,196,,,,,,,,,
Gangineni palem,197,,,,,,,,,
Gangineni palem,198,,,,,,,,,
Gangineni palem,199,,,,,,,,,
Gangineni palem,179,,,,,,,,,
Gangineni palem,180,,,,,,,,,
Gangineni palem,182,,,,,,,,,
Kattubadipalem,172,,,,,,,,,
Kattubadipalem,176,,,,,,,,,
Kattubadipalem,173,,,,,,,,,
Kattubadipalem,175,,,,,,,,,
Kattubadipalem,174,,,,,,,,,
Kattubadipalem,178,,,,,,,,,
Kattubadipalem,177,,,,,,,,,
Kuntamukkala,188,,,,,,,,,
Kuntamukkala,189,,,,,,,,,
Kuntamukkala,191,,,,,,,,,
Kuntamukkala,190,,,,,,,,,
Kuntamukkala,171,,,,,,,,,
Kuntamukkala,193,,,,,,,,,
Kuntamukkala,187,,,,,,,,,
Velaturu,184,,,,,,,,,
Velaturu,185,,,,,,,,,
Velaturu,186,,,,,,,,,
Velaturu,192,,,,,,,,,
Velaturu,194,,,,,,,,,
Velaturu,183,,,,,,,,,
Velaturu,181,,,,,,,,,
Chervu madhavaram,195,,,,,,,,,
Chervu madhavaram,196,,,,,,,,,
Chervu madhavaram,197,,,,,,,,,
Chervu madhavaram,198,,,,,,,,,
Chervu madhavaram,199,,,,,,,,,
Chervu madhavaram,179,,,,,,,,,
Chervu madhavaram,180,,,,,,,,,
Chervu madhavaram,182,,,,,,,,,
Annavaram,239,,,,,,,,,
Annavaram,249,,,,,,,,,
Annavaram,256,,,,,,,,,
Annavaram,247,,,,,,,,,
Annavaram,156,,,,,,,,,
Annavaram,233,,,,,,,,,
D P Tanda,244,,,,,,,,,
D P Tanda,153,,,,,,,,,
D P Tanda,250,,,,,,,,,
D P Tanda,255,,,,,,,,,
D P Tanda,253,,,,,,,,,
D P Tanda,64,,,,,,,,,
Balusupadu,239,,,,,,,,,
Balusupadu,249,,,,,,,,,
Balusupadu,256,,,,,,,,,
Balusupadu,247,,,,,,,,,
Balusupadu,156,,,,,,,,,
Balusupadu,233,,,,,,,,,
Jayanthipuram,244,,,,,,,,,
Jayanthipuram,153,,,,,,,,,
Jayanthipuram,250,,,,,,,,,
Jayanthipuram,255,,,,,,,,,
Jayanthipuram,253,,,,,,,,,
Jayanthipuram,164,,,,,,,,,
K.Agraharam,244,,,,,,,,,
K.Agraharam,153,,,,,,,,,
K.Agraharam,250,,,,,,,,,
K.Agraharam,255,,,,,,,,,
K.Agraharam,253,,,,,,,,,
K.Agraharam,164,,,,,,,,,
Malkapuram,257,,,,,,,,,
Malkapuram,252,,,,,,,,,
Malkapuram,242,,,,,,,,,
Malkapuram,260,,,,,,,,,
Malkapuram,237,,,,,,,,,
Malkapuram,241,,,,,,,,,
Mutyala,148,,,,,,,,,
Mutyala,161,,,,,,,,,
Mutyala,167,,,,,,,,,
Mutyala,160,,,,,,,,,
Mutyala,157,,,,,,,,,
Mutyala,258,,,,,,,,,
Takkellapadu,156,,,,,,,,,
Takkellapadu,233,,,,,,,,,
Takkellapadu,249,,,,,,,,,
Takkellapadu,256,,,,,,,,,
Takkellapadu,245,,,,,,,,,
Takkellapadu,155,,,,,,,,,
Takkellapadu,147,,,,,,,,,
Takkellapadu,253,,,,,,,,,
Takkellapadu,246,,,,,,,,,
Vedadri,148,,,,,,,,,
Vedadri,161,,,,,,,,,
Vedadri,167,,,,,,,,,
Vedadri,160,,,,,,,,,
Vedadri,157,,,,,,,,,
Vedadri,258,,,,,,,,,
Anumanchipalli,245,,,,,,,,,
Anumanchipalli,155,,,,,,,,,
Anumanchipalli,147,,,,,,,,,
Anumanchipalli,253,,,,,,,,,
Anumanchipalli,246,,,,,,,,,
Anumanchipalli,108,,,,,,,,,
Bandipalem,148,,,,,,,,,
Bandipalem,161,,,,,,,,,
Bandipalem,167,,,,,,,,,
Bandipalem,160,,,,,,,,,
Bandipalem,157,,,,,,,,,
Bandipalem,258,,,,,,,,,
Budavada,244,,,,,,,,,
Budavada,153,,,,,,,,,
Budavada,250,,,,,,,,,
Budavada,255,,,,,,,,,
Budavada,253,,,,,,,,,
Budavada,164,,,,,,,,,
Budavada,108,,,,,,,,,
Budavada,155,,,,,,,,,
Budavada,147,,,,,,,,,
Budavada,246,,,,,,,,,
Gandrai,257,,,,,,,,,
Gandrai,252,,,,,,,,,
Gandrai,242,,,,,,,,,
Gandrai,260,,,,,,,,,
Gandrai,237,,,,,,,,,
Gandrai,241,,,,,,,,,
Govrawaram,244,,,,,,,,,
Govrawaram,153,,,,,,,,,
Govrawaram,250,,,,,,,,,
Govrawaram,255,,,,,,,,,
Govrawaram,253,,,,,,,,,
Govrawaram,164,,,,,,,,,
Govrawaram,148,,,,,,,,,
Govrawaram,157,,,,,,,,,
Govrawaram,160,,,,,,,,,
Govrawaram,167,,,,,,,,,
Govrawaram,161,,,,,,,,,
S M Peta,239,,,,,,,,,
S M Peta,249,,,,,,,,,
S M Peta,256,,,,,,,,,
S M Peta,247,,,,,,,,,
S M Peta,156,,,,,,,,,
S M Peta,233,,,,,,,,,
S M Peta,108,,,,,,,,,
S M Peta,253,,,,,,,,,
S M Peta,245,,,,,,,,,
S M Peta,155,,,,,,,,,
S M Peta,147,,,,,,,,,
S M Peta,246,,,,,,,,,
Lingaguduam,500,,,,,,,,,
Lingaguduam,486,,,,,,,,,
Lingaguduam,477,,,,,,,,,
Lingaguduam,472,,,,,,,,,
Lingaguduam,488,,,,,,,,,
Lingaguduam,473,,,,,,,,,
Sivapuram,500,,,,,,,,,
Sivapuram,486,,,,,,,,,
Sivapuram,477,,,,,,,,,
Sivapuram,472,,,,,,,,,
Sivapuram,488,,,,,,,,,
Sivapuram,473,,,,,,,,,
venkatapuram,482,,,,,,,,,
venkatapuram,480,,,,,,,,,
venkatapuram,493,,,,,,,,,
venkatapuram,483,,,,,,,,,
venkatapuram,471,,,,,,,,,
venkatapuram,497,,,,,,,,,
Kollikulla,489,,,,,,,,,
Kollikulla,481,,,,,,,,,
Kollikulla,495,,,,,,,,,
Kollikulla,498,,,,,,,,,
Kollikulla,476,,,,,,,,,
Kollikulla,479,,,,,,,,,
Subbayamgudam,482,,,,,,,,,
Subbayamgudam,480,,,,,,,,,
Subbayamgudam,493,,,,,,,,,
Subbayamgudam,483,,,,,,,,,
Subbayamgudam,471,,,,,,,,,
Subbayamgudam,497,,,,,,,,,
Venganaikunipalem,490,,,,,,,,,
Venganaikunipalem,491,,,,,,,,,
Venganaikunipalem,492,,,,,,,,,
Venganaikunipalem,474,,,,,,,,,
Venganaikunipalem,485,,,,,,,,,
Venganaikunipalem,487,,,,,,,,,
Muchintala,490,,,,,,,,,
Muchintala,491,,,,,,,,,
Muchintala,492,,,,,,,,,
Muchintala,474,,,,,,,,,
Muchintala,485,,,,,,,,,
Muchintala,487,,,,,,,,,
Gummadiduru,482,,,,,,,,,
Gummadiduru,480,,,,,,,,,
Gummadiduru,493,,,,,,,,,
Gummadiduru,483,,,,,,,,,
Gummadiduru,471,,,,,,,,,
Gummadiduru,497,,,,,,,,,
Mundlapadu,489,,,,,,,,,
Mundlapadu,481,,,,,,,,,
Mundlapadu,495,,,,,,,,,
Mundlapadu,498,,,,,,,,,
Mundlapadu,476,,,,,,,,,
Mundlapadu,479,,,,,,,,,
Konakanchi,491,,,,,,,,,
Konakanchi,485,,,,,,,,,
Konakanchi,484,,,,,,,,,
Konakanchi,492,,,,,,,,,
Konakanchi,497,,,,,,,,,
Konakanchi,480,,,,,,,,,
Konakanchi,476,,,,,,,,,
Konakanchi,479,,,,,,,,,
Konakanchi,495,,,,,,,,,
Konakanchi,498,,,,,,,,,
Konakanchi,489,,,,,,,,,
Konakanchi,494,,,,,,,,,
Konakanchi,471,,,,,,,,,
Konakanchi,472,,,,,,,,,
Konakanchi,483,,,,,,,,,
Konakanchi,487,,,,,,,,,
Konakanchi,478,,,,,,,,,
Konakanchi,475,,,,,,,,,
Konakanchi,490,,,,,,,,,
Konakanchi,473,,,,,,,,,
Konakanchi,499,,,,,,,,,
Konakanchi,486,,,,,,,,,
Totacharla,496,,,,,,,,,
Totacharla,484,,,,,,,,,
Totacharla,475,,,,,,,,,
Totacharla,499,,,,,,,,,
Totacharla,494,,,,,,,,,
Totacharla,478,,,,,,,,,
Sanagapadu,496,,,,,,,,,
Sanagapadu,484,,,,,,,,,
Sanagapadu,475,,,,,,,,,
Sanagapadu,499,,,,,,,,,
Sanagapadu,494,,,,,,,,,
Sanagapadu,478,,,,,,,,,
Anigallapadu,489,,,,,,,,,
Anigallapadu,481,,,,,,,,,
Anigallapadu,495,,,,,,,,,
Anigallapadu,498,,,,,,,,,
Anigallapadu,476,,,,,,,,,
Anigallapadu,479,,,,,,,,,
Nawabpeta,471,,,,,,,,,
Nawabpeta,472,,,,,,,,,
Nawabpeta,476,,,,,,,,,
Nawabpeta,477,,,,,,,,,
Nawabpeta,479,,,,,,,,,
Nawabpeta,480,,,,,,,,,
Nawabpeta,481,,,,,,,,,
Nawabpeta,482,,,,,,,,,
Nawabpeta,483,,,,,,,,,
Nawabpeta,486,,,,,,,,,
Nawabpeta,487,,,,,,,,,
Nawabpeta,489,,,,,,,,,
Nawabpeta,492,,,,,,,,,
Nawabpeta,494,,,,,,,,,
Nawabpeta,495,,,,,,,,,
Nawabpeta,497,,,,,,,,,
Nawabpeta,498,,,,,,,,,
Nawabpeta,499,,,,,,,,,
Penuganchiprolu,471,,,,,,,,,
Penuganchiprolu,472,,,,,,,,,
Penuganchiprolu,473,,,,,,,,,
Penuganchiprolu,474,,,,,,,,,
Penuganchiprolu,475,,,,,,,,,
Penuganchiprolu,477,,,,,,,,,
Penuganchiprolu,478,,,,,,,,,
Penuganchiprolu,480,,,,,,,,,
Penuganchiprolu,482,,,,,,,,,
Penuganchiprolu,483,,,,,,,,,
Penuganchiprolu,484,,,,,,,,,
Penuganchiprolu,485,,,,,,,,,
Penuganchiprolu,486,,,,,,,,,
Penuganchiprolu,487,,,,,,,,,
Penuganchiprolu,488,,,,,,,,,
Penuganchiprolu,490,,,,,,,,,
Penuganchiprolu,491,,,,,,,,,
Penuganchiprolu,492,,,,,,,,,
Penuganchiprolu,493,,,,,,,,,
Penuganchiprolu,494,,,,,,,,,
Penuganchiprolu,496,,,,,,,,,
Penuganchiprolu,497,,,,,,,,,
Penuganchiprolu,499,,,,,,,,,
Penuganchiprolu,500,,,,,,,,,
Allurupadu,111,,,,,,,,,
Allurupadu,115,,,,,,,,,
Allurupadu,125,,,,,,,,,
Allurupadu,132,,,,,,,,,
Allurupadu,122,,,,,,,,,
Allurupadu,89,,,,,,,,,
CH .M.Palli,134,,,,,,,,,
CH .M.Palli,118,,,,,,,,,
CH .M.Palli,129,,,,,,,,,
CH .M.Palli,95,,,,,,,,,
CH .M.Palli,136,,,,,,,,,
CH .M.Palli,117,,,,,,,,,
Dechupalem,19,,,,,,,,,
Dechupalem,135,,,,,,,,,
Dechupalem,112,,,,,,,,,
Dechupalem,120,,,,,,,,,
Dechupalem,119,,,,,,,,,
Dechupalem,127,,,,,,,,,
Gangavelli,134,,,,,,,,,
Gangavelli,118,,,,,,,,,
Gangavelli,129,,,,,,,,,
Gangavelli,95,,,,,,,,,
Gangavelli,136,,,,,,,,,
Gangavelli,117,,,,,,,,,
Pedamodugapalli,19,,,,,,,,,
Pedamodugapalli,135,,,,,,,,,
Pedamodugapalli,112,,,,,,,,,
Pedamodugapalli,120,,,,,,,,,
Pedamodugapalli,119,,,,,,,,,
Pedamodugapalli,127,,,,,,,,,
P.V.Guduam,133,,,,,,,,,
P.V.Guduam,139,,,,,,,,,
P.V.Guduam,140,,,,,,,,,
P.V.Guduam,137,,,,,,,,,
P.V.Guduam,130,,,,,,,,,
P.V.Guduam,124,,,,,,,,,
Talluru,114,,,,,,,,,
Talluru,113,,,,,,,,,
Talluru,126,,,,,,,,,
Talluru,131,,,,,,,,,
Talluru,128,,,,,,,,,
Talluru,121,,,,,,,,,
Vemavaram,111,,,,,,,,,
Vemavaram,115,,,,,,,,,
Vemavaram,125,,,,,,,,,
Vemavaram,132,,,,,,,,,
Vemavaram,122,,,,,,,,,
Vemavaram,89,,,,,,,,,
Vemulanarva,133,,,,,,,,,
Vemulanarva,139,,,,,,,,,
Vemulanarva,140,,,,,,,,,
Vemulanarva,137,,,,,,,,,
Vemulanarva,130,,,,,,,,,
Vemulanarva,124,,,,,,,,,
Machinenipalem,111,,,,,,,,,
Machinenipalem,115,,,,,,,,,
Machinenipalem,125,,,,,,,,,
Machinenipalem,132,,,,,,,,,
Machinenipalem,122,,,,,,,,,
Machinenipalem,89,,,,,,,,,
Lingala,111,,,,,,,,,
Lingala,115,,,,,,,,,
Lingala,125,,,,,,,,,
Lingala,132,,,,,,,,,
Lingala,122,,,,,,,,,
Lingala,89,,,,,,,,,
Gopinenipalem,19,,,,,,,,,
Gopinenipalem,135,,,,,,,,,
Gopinenipalem,112,,,,,,,,,
Gopinenipalem,120,,,,,,,,,
Gopinenipalem,119,,,,,,,,,
Gopinenipalem,127,,,,,,,,,
Kanneveedu,133,,,,,,,,,
Kanneveedu,139,,,,,,,,,
Kanneveedu,140,,,,,,,,,
Kanneveedu,137,,,,,,,,,
Kanneveedu,130,,,,,,,,,
Kanneveedu,124,,,,,,,,,
Kakaravai,114,,,,,,,,,
Kakaravai,113,,,,,,,,,
Kakaravai,126,,,,,,,,,
Kakaravai,131,,,,,,,,,
Kakaravai,128,,,,,,,,,
Kakaravai,121,,,,,,,,,
Polampalli,133,,,,,,,,,
Polampalli,139,,,,,,,,,
Polampalli,140,,,,,,,,,
Polampalli,137,,,,,,,,,
Polampalli,130,,,,,,,,,
Polampalli,124,,,,,,,,,
Indugapalli,134,,,,,,,,,
Indugapalli,118,,,,,,,,,
Indugapalli,129,,,,,,,,,
Indugapalli,95,,,,,,,,,
Indugapalli,136,,,,,,,,,
Indugapalli,117,,,,,,,,,
Chityala,134,,,,,,,,,
Chityala,118,,,,,,,,,
Chityala,129,,,,,,,,,
Chityala,95,,,,,,,,,
Chityala,136,,,,,,,,,
Chityala,117,,,,,,,,,
Singavram,133,,,,,,,,,
Singavram,139,,,,,,,,,
Singavram,140,,,,,,,,,
Singavram,137,,,,,,,,,
Singavram,130,,,,,,,,,
Singavram,124,,,,,,,,,
Dabbagupalli,134,,,,,,,,,
Dabbagupalli,118,,,,,,,,,
Dabbagupalli,129,,,,,,,,,
Dabbagupalli,95,,,,,,,,,
Dabbagupalli,136,,,,,,,,,
Dabbagupalli,117,,,,,,,,,
Kambhampadu,114,,,,,,,,,
Kambhampadu,113,,,,,,,,,
Kambhampadu,126,,,,,,,,,
Kambhampadu,131,,,,,,,,,
Kambhampadu,128,,,,,,,,,
Kambhampadu,121,,,,,,,,,
Makkapeta,111,,,,,,,,,
Makkapeta,115,,,,,,,,,
Makkapeta,125,,,,,,,,,
Makkapeta,132,,,,,,,,,
Makkapeta,122,,,,,,,,,
Makkapeta,89,,,,,,,,,
Makkapeta,19,,,,,,,,,
Magollu,257,,,,,,,,,
Magollu,252,,,,,,,,,
Magollu,242,,,,,,,,,
Magollu,260,,,,,,,,,
Magollu,237,,,,,,,,,
Magollu,241,,,,,,,,,
Vatsavai,133,,,,,,,,,
Vatsavai,139,,,,,,,,,
Vatsavai,140,,,,,,,,,
Vatsavai,137,,,,,,,,,
Vatsavai,130,,,,,,,,,
Vatsavai,124,,,,,,,,,
Vatsavai,134,,,,,,,,,
Vatsavai,118,,,,,,,,,
Vatsavai,129,,,,,,,,,
Vatsavai,95,,,,,,,,,
Vatsavai,136,,,,,,,,,
Vatsavai,117,,,,,,,,,
Bhimavaram,257,,,,,,,,,
Bhimavaram,252,,,,,,,,,
Bhimavaram,242,,,,,,,,,
Bhimavaram,260,,,,,,,,,
Bhimavaram,237,,,,,,,,,
Bhimavaram,241,,,,,,,,,
Turragudipadu,292,,,,,,,,,
Turragudipadu,316,,,,,,,,,
Turragudipadu,294,,,,,,,,,
Turragudipadu,317,,,,,,,,,
Turragudipadu,302,,,,,,,,,
Turragudipadu,310,,,,,,,,,
Konathamatmakuru,296,,,,,,,,,
Konathamatmakuru,309,,,,,,,,,
Konathamatmakuru,299,,,,,,,,,
Konathamatmakuru,313,,,,,,,,,
Konathamatmakuru,306,,,,,,,,,
Konathamatmakuru,293,,,,,,,,,
Gollamudi,292,,,,,,,,,
Gollamudi,316,,,,,,,,,
Gollamudi,294,,,,,,,,,
Gollamudi,317,,,,,,,,,
Gollamudi,302,,,,,,,,,
Gollamudi,310,,,,,,,,,
Somavaram,292,,,,,,,,,
Somavaram,316,,,,,,,,,
Somavaram,294,,,,,,,,,
Somavaram,317,,,,,,,,,
Somavaram,302,,,,,,,,,
Somavaram,310,,,,,,,,,
Domaluru,292,,,,,,,,,
Domaluru,316,,,,,,,,,
Domaluru,294,,,,,,,,,
Domaluru,317,,,,,,,,,
Domaluru,302,,,,,,,,,
Domaluru,310,,,,,,,,,
Rudravaram,292,,,,,,,,,
Rudravaram,316,,,,,,,,,
Rudravaram,294,,,,,,,,,
Rudravaram,317,,,,,,,,,
Rudravaram,302,,,,,,,,,
Rudravaram,310,,,,,,,,,
Konduru,296,,,,,,,,,
Konduru,309,,,,,,,,,
Konduru,299,,,,,,,,,
Konduru,313,,,,,,,,,
Konduru,306,,,,,,,,,
Konduru,293,,,,,,,,,
Jonnalagadda,296,,,,,,,,,
Jonnalagadda,309,,,,,,,,,
Jonnalagadda,299,,,,,,,,,
Jonnalagadda,313,,,,,,,,,
Jonnalagadda,306,,,,,,,,,
Jonnalagadda,293,,,,,,,,,
Ramireddy palli,296,,,,,,,,,
Ramireddy palli,309,,,,,,,,,
Ramireddy palli,299,,,,,,,,,
Ramireddy palli,313,,,,,,,,,
Ramireddy palli,306,,,,,,,,,
Ramireddy palli,293,,,,,,,,,
Maagallu,296,,,,,,,,,
Maagallu,309,,,,,,,,,
Maagallu,299,,,,,,,,,
Maagallu,313,,,,,,,,,
Maagallu,306,,,,,,,,,
Maagallu,293,,,,,,,,,
Maagallu,134,,,,,,,,,
Maagallu,118,,,,,,,,,
Maagallu,129,,,,,,,,,
Maagallu,95,,,,,,,,,
Maagallu,136,,,,,,,,,
Maagallu,117,,,,,,,,,
Raghavapuram,320,,,,,,,,,
Raghavapuram,308,,,,,,,,,
Raghavapuram,312,,,,,,,,,
Raghavapuram,318,,,,,,,,,
Raghavapuram,305,,,,,,,,,
Raghavapuram,314,,,,,,,,,
Kammavaripalem,320,,,,,,,,,
Kammavaripalem,308,,,,,,,,,
Kammavaripalem,312,,,,,,,,,
Kammavaripalem,318,,,,,,,,,
Kammavaripalem,305,,,,,,,,,
Kammavaripalem,314,,,,,,,,,
Pallagiri,320,,,,,,,,,
Pallagiri,308,,,,,,,,,
Pallagiri,312,,,,,,,,,
Pallagiri,318,,,,,,,,,
Pallagiri,305,,,,,,,,,
Pallagiri,314,,,,,,,,,
Thakkellapadu,300,,,,,,,,,
Thakkellapadu,301,,,,,,,,,
Thakkellapadu,303,,,,,,,,,
Thakkellapadu,311,,,,,,,,,
Thakkellapadu,315,,,,,,,,,
Thakkellapadu,318,,,,,,,,,
Lingalapadu,300,,,,,,,,,
Lingalapadu,301,,,,,,,,,
Lingalapadu,303,,,,,,,,,
Lingalapadu,311,,,,,,,,,
Lingalapadu,315,,,,,,,,,
Lingalapadu,318,,,,,,,,,
Adiviravulapadu,300,,,,,,,,,
Adiviravulapadu,301,,,,,,,,,
Adiviravulapadu,303,,,,,,,,,
Adiviravulapadu,311,,,,,,,,,
Adiviravulapadu,315,,,,,,,,,
Adiviravulapadu,318,,,,,,,,,
Chandapuram,291,,,,,,,,,
Chandapuram,295,,,,,,,,,
Chandapuram,297,,,,,,,,,
Chandapuram,298,,,,,,,,,
Chandapuram,304,,,,,,,,,
Chandapuram,307,,,,,,,,,
Munagacherla,291,,,,,,,,,
Munagacherla,295,,,,,,,,,
Munagacherla,297,,,,,,,,,
Munagacherla,298,,,,,,,,,
Munagacherla,304,,,,,,,,,
Munagacherla,307,,,,,,,,,
Munagacherla,107,,,,,,,,,
Aithavaram,291,,,,,,,,,
Aithavaram,295,,,,,,,,,
Aithavaram,297,,,,,,,,,
Aithavaram,298,,,,,,,,,
Aithavaram,304,,,,,,,,,
Aithavaram,307,,,,,,,,,
Ambarupeta,291,,,,,,,,,
Ambarupeta,295,,,,,,,,,
Ambarupeta,297,,,,,,,,,
Ambarupeta,298,,,,,,,,,
Ambarupeta,304,,,,,,,,,
Ambarupeta,307,,,,,,,,,
Peddavaram,320,,,,,,,,,
Peddavaram,308,,,,,,,,,
Peddavaram,312,,,,,,,,,
Peddavaram,318,,,,,,,,,
Peddavaram,305,,,,,,,,,
Peddavaram,314,,,,,,,,,
Kethaveerunipadu,300,,,,,,,,,
Kethaveerunipadu,301,,,,,,,,,
Kethaveerunipadu,303,,,,,,,,,
Kethaveerunipadu,311,,,,,,,,,
Kethaveerunipadu,315,,,,,,,,,
Kethaveerunipadu,318,,,,,,,,,
Popuru,5,,,,,,,,,
Popuru,2,,,,,,,,,
Popuru,166,,,,,,,,,
Popuru,251,,,,,,,,,
Popuru,234,,,,,,,,,
Popuru,162,,,,,,,,,
Popuru,238,,,,,,,,,
Punnavalli,259,,,,,,,,,
Punnavalli,165,,,,,,,,,
Punnavalli,254,,,,,,,,,
Punnavalli,107,,,,,,,,,
Punnavalli,1,,,,,,,,,
Punnavalli,232,,,,,,,,,
Punnavalli,168,,,,,,,,,
Punnavalli,236,,,,,,,,,
Bobbillapadu,152,,,,,,,,,
Bobbillapadu,251,,,,,,,,,
Bobbillapadu,143,,,,,,,,,
Bobbillapadu,216,,,,,,,,,
Bobbillapadu,3,,,,,,,,,
Bobbillapadu,170,,,,,,,,,
Pokkunuru,138,,,,,,,,,
Pokkunuru,240,,,,,,,,,
Pokkunuru,429,,,,,,,,,
Pokkunuru,248,,,,,,,,,
Pokkunuru,4,,,,,,,,,
Pokkunuru,34,,,,,,,,,
Pokkunuru,145,,,,,,,,,
Pokkunuru,235,,,,,,,,,
Pokkunuru,259,,,,,,,,,
Pokkunuru,254,,,,,,,,,
Pokkunuru,165,,,,,,,,,
Pokkunuru,238,,,,,,,,,
Kasarabada,259,,,,,,,,,
Kasarabada,165,,,,,,,,,
Kasarabada,254,,,,,,,,,
Kasarabada,107,,,,,,,,,
Kasarabada,1,,,,,,,,,
Kasarabada,232,,,,,,,,,
Kasarabada,168,,,,,,,,,
Kasarabada,236,,,,,,,,,
Munagalapalli,152,,,,,,,,,
Munagalapalli,141,,,,,,,,,
Munagalapalli,154,,,,,,,,,
Munagalapalli,143,,,,,,,,,
Munagalapalli,142,,,,,,,,,
Munagalapalli,170,,,,,,,,,
Munagalapalli,163,,,,,,,,,
Munagalapalli,149,,,,,,,,,
Kodavatikallu,4,,,,,,,,,
Kodavatikallu,1,,,,,,,,,
Kodavatikallu,248,,,,,,,,,
Kodavatikallu,429,,,,,,,,,
Kodavatikallu,240,,,,,,,,,
Kodavatikallu,168,,,,,,,,,
Kodavatikallu,238,,,,,,,,,
Vibhareethalapadu,163,,,,,,,,,
Vibhareethalapadu,162,,,,,,,,,
Vibhareethalapadu,234,,,,,,,,,
Vibhareethalapadu,152,,,,,,,,,
Vibhareethalapadu,229,,,,,,,,,
Vibhareethalapadu,5,,,,,,,,,
Vibhareethalapadu,221,,,,,,,,,
Vibhareethalapadu,3,,,,,,,,,
Eturu,152,,,,,,,,,
Eturu,251,,,,,,,,,
Eturu,143,,,,,,,,,
Eturu,216,,,,,,,,,
Eturu,3,,,,,,,,,
Eturu,170,,,,,,,,,
Veladi Kothapalem,5,,,,,,,,,
Veladi Kothapalem,162,,,,,,,,,
Veladi Kothapalem,163,,,,,,,,,
Veladi Kothapalem,221,,,,,,,,,
Veladi Kothapalem,229,,,,,,,,,
Veladi Kothapalem,234,,,,,,,,,
Kandrapadu,2,,,,,,,,,
Kandrapadu,142,,,,,,,,,
Kandrapadu,170,,,,,,,,,
Kandrapadu,154,,,,,,,,,
Kandrapadu,141,,,,,,,,,
Kandrapadu,143,,,,,,,,,
Kandrapadu,236,,,,,,,,,
Kandrapadu,216,,,,,,,,,
Chinthalapadu,5,,,,,,,,,
Chinthalapadu,162,,,,,,,,,
Chinthalapadu,163,,,,,,,,,
Chinthalapadu,221,,,,,,,,,
Chinthalapadu,229,,,,,,,,,
Chinthalapadu,234,,,,,,,,,
Gudimetla,235,,,,,,,,,
Gudimetla,254,,,,,,,,,
Gudimetla,138,,,,,,,,,
Gudimetla,149,,,,,,,,,
Gudimetla,165,,,,,,,,,
Gudimetla,209,,,,,,,,,
Gudimetla,107,,,,,,,,,
Gudimetla,145,,,,,,,,,
Gudimetla,142,,,,,,,,,
Gudimetla,236,,,,,,,,,
Thota Ravula Padu,235,,,,,,,,,
Thota Ravula Padu,236,,,,,,,,,
Thota Ravula Padu,149,,,,,,,,,
Thota Ravula Padu,138,,,,,,,,,
Thota Ravula Padu,254,,,,,,,,,
Thota Ravula Padu,145,,,,,,,,,
Thota Ravula Padu,259,,,,,,,,,
Chanderlapadu,232,,,,,,,,,
Chanderlapadu,240,,,,,,,,,
Chanderlapadu,248,,,,,,,,,
Chanderlapadu,1,,,,,,,,,
Chanderlapadu,254,,,,,,,,,
Chanderlapadu,251,,,,,,,,,
Chanderlapadu,216,,,,,,,,,
Chanderlapadu,152,,,,,,,,,
Chanderlapadu,236,,,,,,,,,
Chanderlapadu,235,,,,,,,,,
Chanderlapadu,143,,,,,,,,,
Chanderlapadu,303,,,,,,,,,
Chanderlapadu,315,,,,,,,,,
Chanderlapadu,301,,,,,,,,,
Chanderlapadu,229,,,,,,,,,
Chanderlapadu,5,,,,,,,,,
Chanderlapadu,163,,,,,,,,,
Chanderlapadu,221,,,,,,,,,
Chanderlapadu,162,,,,,,,,,
Chanderlapadu,234,,,,,,,,,
Jammavaram,146,,,,,,,,,
Jammavaram,41,,,,,,,,,
Jammavaram,151,,,,,,,,,
Jammavaram,206,,,,,,,,,
Jammavaram,424,,,,,,,,,
Jammavaram,23,,,,,,,,,
Jammavaram,33,,,,,,,,,
Jammavaram,42,,,,,,,,,
Nandaluru,158,,,,,,,,,
Nandaluru,23,,,,,,,,,
Nandaluru,29,,,,,,,,,
Nandaluru,428,,,,,,,,,
Nandaluru,206,,,,,,,,,
Bodawada,39,,,,,,,,,
Bodawada,21,,,,,,,,,
Bodawada,50,,,,,,,,,
Bodawada,150,,,,,,,,,
Bodawada,109,,,,,,,,,
Bodawada,110,,,,,,,,,
Goka Raju Palli,22,,,,,,,,,
Goka Raju Palli,426,,,,,,,,,
Goka Raju Palli,123,,,,,,,,,
Goka Raju Palli,432,,,,,,,,,
Goka Raju Palli,440,,,,,,,,,
Goka Raju Palli,37,,,,,,,,,
Goka Raju Palli,144,,,,,,,,,
Thati Gummi,169,,,,,,,,,
Thati Gummi,428,,,,,,,,,
Thati Gummi,29,,,,,,,,,
Thati Gummi,158,,,,,,,,,
Thati Gummi,436,,,,,,,,,
Thati Gummi,40,,,,,,,,,
Thati Gummi,47,,,,,,,,,
Jagannadhapuram,37,,,,,,,,,
Jagannadhapuram,21,,,,,,,,,
Jagannadhapuram,144,,,,,,,,,
Jagannadhapuram,151,,,,,,,,,
Jagannadhapuram,47,,,,,,,,,
Dachavaram,109,,,,,,,,,
Dachavaram,110,,,,,,,,,
Dachavaram,146,,,,,,,,,
Dachavaram,150,,,,,,,,,
Dachavaram,22,,,,,,,,,
Chatnavaram,22,,,,,,,,,
Chatnavaram,426,,,,,,,,,
Chatnavaram,123,,,,,,,,,
Chatnavaram,432,,,,,,,,,
Chatnavaram,440,,,,,,,,,
Chatnavaram,37,,,,,,,,,
Chatnavaram,144,,,,,,,,,
V.Annavaram,158,,,,,,,,,
V.Annavaram,23,,,,,,,,,
V.Annavaram,29,,,,,,,,,
V.Annavaram,428,,,,,,,,,
V.Annavaram,206,,,,,,,,,
Chennarao Palem,33,,,,,,,,,
Chennarao Palem,159,,,,,,,,,
Chennarao Palem,151,,,,,,,,,
Chennarao Palem,206,,,,,,,,,
Chennarao Palem,424,,,,,,,,,
Chennarao Palem,41,,,,,,,,,
Chennarao Palem,23,,,,,,,,,
G.Madhavaram,21,,,,,,,,,
G.Madhavaram,151,,,,,,,,,
G.Madhavaram,144,,,,,,,,,
G.Madhavaram,47,,,,,,,,,
G.Madhavaram,37,,,,,,,,,
G.Madhavaram,159,,,,,,,,,
Chowtapalli,169,,,,,,,,,
Chowtapalli,428,,,,,,,,,
Chowtapalli,29,,,,,,,,,
Chowtapalli,158,,,,,,,,,
Chowtapalli,436,,,,,,,,,
Chowtapalli,40,,,,,,,,,
Chowtapalli,47,,,,,,,,,
Dodda Devara Padu,109,,,,,,,,,
Dodda Devara Padu,110,,,,,,,,,
Dodda Devara Padu,146,,,,,,,,,
Dodda Devara Padu,150,,,,,,,,,
Dodda Devara Padu,22,,,,,,,,,
Narasimharao Palem,109,,,,,,,,,
Narasimharao Palem,150,,,,,,,,,
Narasimharao Palem,39,,,,,,,,,
Narasimharao Palem,146,,,,,,,,,
Narasimharao Palem,50,,,,,,,,,
Narasimharao Palem,110,,,,,,,,,
Narasimharao Palem,21,,,,,,,,,
Ponnavaram,169,,,,,,,,,
Ponnavaram,123,,,,,,,,,
Ponnavaram,424,,,,,,,,,
Ponnavaram,33,,,,,,,,,
Ponnavaram,440,,,,,,,,,
Vellanki,426,,,,,,,,,
Vellanki,50,,,,,,,,,
Vellanki,432,,,,,,,,,
Vellanki,39,,,,,,,,,
Vellanki,41,,,,,,,,,
Vellanki,436,,,,,,,,,
Vellanki,159,,,,,,,,,
Konathalapalli,169,,,,,,,,,
Konathalapalli,123,,,,,,,,,
Konathalapalli,440,,,,,,,,,
Konathalapalli,33,,,,,,,,,
Konathalapalli,426,,,,,,,,,
Jayanthi,22,,,,,,,,,
Jayanthi,47,,,,,,,,,
Jayanthi,109,,,,,,,,,
Jayanthi,110,,,,,,,,,
Jayanthi,151,,,,,,,,,
Jayanthi,150,,,,,,,,,
Jayanthi,159,,,,,,,,,
Jayanthi,146,,,,,,,,,
Alluru,220,,,,,,,,,
Alluru,302,,,,,,,,,
Alluru,317,,,,,,,,,
Alluru,299,,,,,,,,,
Alluru,316,,,,,,,,,
Alluru,296,,,,,,,,,
Alluru,304,,,,,,,,,
Alluru,306,,,,,,,,,
Alluru,295,,,,,,,,,
Munnaluru,204,,,,,,,,,
Munnaluru,212,,,,,,,,,
Munnaluru,214,,,,,,,,,
Munnaluru,215,,,,,,,,,
Munnaluru,221,,,,,,,,,
Munnaluru,230,,,,,,,,,
Perakalapadu,202,,,,,,,,,
Perakalapadu,205,,,,,,,,,
Perakalapadu,207,,,,,,,,,
Perakalapadu,208,,,,,,,,,
Perakalapadu,211,,,,,,,,,
Perakalapadu,224,,,,,,,,,
S.Amaravaram,10,,,,,,,,,
S.Amaravaram,201,,,,,,,,,
S.Amaravaram,203,,,,,,,,,
S.Amaravaram,210,,,,,,,,,
S.Amaravaram,220,,,,,,,,,
S.Amaravaram,228,,,,,,,,,
Kunikinapadu,9,,,,,,,,,
Kunikinapadu,213,,,,,,,,,
Kunikinapadu,218,,,,,,,,,
Kunikinapadu,222,,,,,,,,,
Kunikinapadu,226,,,,,,,,,
Kunikinapadu,227,,,,,,,,,
Bathinapadu,9,,,,,,,,,
Bathinapadu,213,,,,,,,,,
Bathinapadu,218,,,,,,,,,
Bathinapadu,222,,,,,,,,,
Bathinapadu,226,,,,,,,,,
Bathinapadu,227,,,,,,,,,
Athukuru,204,,,,,,,,,
Athukuru,212,,,,,,,,,
Athukuru,214,,,,,,,,,
Athukuru,215,,,,,,,,,
Athukuru,219,,,,,,,,,
Athukuru,230,,,,,,,,,
Kothapeta,202,,,,,,,,,
Kothapeta,205,,,,,,,,,
Kothapeta,207,,,,,,,,,
Kothapeta,208,,,,,,,,,
Kothapeta,211,,,,,,,,,
Kothapeta,224,,,,,,,,,
Chevitikallu,9,,,,,,,,,
Chevitikallu,213,,,,,,,,,
Chevitikallu,218,,,,,,,,,
Chevitikallu,222,,,,,,,,,
Chevitikallu,226,,,,,,,,,
Chevitikallu,227,,,,,,,,,
Chevitikallu,10,,,,,,,,,
Chevitikallu,201,,,,,,,,,
Chevitikallu,203,,,,,,,,,
Chevitikallu,210,,,,,,,,,
Chevitikallu,220,,,,,,,,,
Chevitikallu,228,,,,,,,,,
Vemulapalli,10,,,,,,,,,
Vemulapalli,201,,,,,,,,,
Vemulapalli,203,,,,,,,,,
Vemulapalli,210,,,,,,,,,
Vemulapalli,220,,,,,,,,,
Vemulapalli,228,,,,,,,,,
Gandepalli,9,,,,,,,,,
Gandepalli,213,,,,,,,,,
Gandepalli,218,,,,,,,,,
Gandepalli,222,,,,,,,,,
Gandepalli,226,,,,,,,,,
Pendyala,202,,,,,,,,,
Pendyala,205,,,,,,,,,
Pendyala,207,,,,,,,,,
Pendyala,208,,,,,,,,,
Pendyala,211,,,,,,,,,
Pendyala,224,,,,,,,,,
Pendyala,204,,,,,,,,,
Pendyala,212,,,,,,,,,
Pendyala,214,,,,,,,,,
Pendyala,215,,,,,,,,,
Pendyala,227,,,,,,,,,
Pendyala,230,,,,,,,,,
Keesara,202,,,,,,,,,
Keesara,205,,,,,,,,,
Keesara,207,,,,,,,,,
Keesara,208,,,,,,,,,
Keesara,211,,,,,,,,,
Keesara,224,,,,,,,,,
Gottimukkala,228,,,,,,,,,
Gottimukkala,203,,,,,,,,,
Gottimukkala,201,,,,,,,,,
Gottimukkala,210,,,,,,,,,
Gottimukkala,220,,,,,,,,,
Gottimukkala,10,,,,,,,,,
Moguluru,9,,,,,,,,,
Moguluru,213,,,,,,,,,
Moguluru,218,,,,,,,,,
Moguluru,222,,,,,,,,,
Moguluru,226,,,,,,,,,
Moguluru,204,,,,,,,,,
Moguluru,212,,,,,,,,,
Moguluru,214,,,,,,,,,
Moguluru,215,,,,,,,,,
Moguluru,230,,,,,,,,,
Paritala,65,,,,,,,,,
Paritala,67,,,,,,,,,
Paritala,68,,,,,,,,,
Paritala,69,,,,,,,,,
Paritala,70,,,,,,,,,
Paritala,92,,,,,,,,,
Paritala,378,,,,,,,,,
Paritala,79,,,,,,,,,
Paritala,76,,,,,,,,,
Paritala,80,,,,,,,,,
Paritala,78,,,,,,,,,
Paritala,53,,,,,,,,,
Kanchikacherla,204,,,,,,,,,
Kanchikacherla,212,,,,,,,,,
Kanchikacherla,214,,,,,,,,,
Kanchikacherla,215,,,,,,,,,
Kanchikacherla,221,,,,,,,,,
Kanchikacherla,230,,,,,,,,,
Kanchikacherla,202,,,,,,,,,
Kanchikacherla,205,,,,,,,,,
Kanchikacherla,207,,,,,,,,,
Kanchikacherla,208,,,,,,,,,
Kanchikacherla,211,,,,,,,,,
Kanchikacherla,224,,,,,,,,,
Kanchikacherla,10,,,,,,,,,
Kanchikacherla,201,,,,,,,,,
Kanchikacherla,203,,,,,,,,,
Kanchikacherla,210,,,,,,,,,
Kanchikacherla,220,,,,,,,,,
Kanchikacherla,228,,,,,,,,,
Kanchikacherla,9,,,,,,,,,
Kanchikacherla,213,,,,,,,,,
Kanchikacherla,218,,,,,,,,,
Kanchikacherla,222,,,,,,,,,
Kanchikacherla,226,,,,,,,,,
Kanchikacherla,227,,,,,,,,,
Vissannapeta,433,,,,,,,,,
Vissannapeta,289,,,,,,,,,
Vissannapeta,26,,,,,,,,,
Vissannapeta,421,,,,,,,,,
Vissannapeta,24,,,,,,,,,
Vissannapeta,43,,,,,,,,,
Vissannapeta,11,,,,,,,,,
Vissannapeta,34,,,,,,,,,
Vissannapeta,13,,,,,,,,,
Vissannapeta,423,,,,,,,,,
Vissannapeta,438,,,,,,,,,
Vissannapeta,30,,,,,,,,,
Vissannapeta,6,,,,,,,,,
Vissannapeta,35,,,,,,,,,
Vissannapeta,49,,,,,,,,,
Vissannapeta,14,,,,,,,,,
Vissannapeta,167,,,,,,,,,
Vissannapeta,425,,,,,,,,,
Vissannapeta,45,,,,,,,,,
Vissannapeta,427,,,,,,,,,
Vissannapeta,431,,,,,,,,,
Vissannapeta,12,,,,,,,,,
Vissannapeta,434,,,,,,,,,
Vissannapeta,422,,,,,,,,,
Vissannapeta,17,,,,,,,,,
Vissannapeta,356,,,,,,,,,
Vissannapeta,369,,,,,,,,,
Vissannapeta,278,,,,,,,,,
Vissannapeta,285,,,,,,,,,
Vissannapeta,430,,,,,,,,,
Vissannapeta,437,,,,,,,,,
Vissannapeta,439,,,,,,,,,
Vissannapeta,8,,,,,,,,,
Vissannapeta,18,,,,,,,,,
Vissannapeta,231,,,,,,,,,
Vissannapeta,7,,,,,,,,,
Vissannapeta,320,,,,,,,,,
Vissannapeta,433,,,,,,,,,
Vissannapeta,289,,,,,,,,,
Vissannapeta,26,,,,,,,,,
Vissannapeta,421,,,,,,,,,
Vissannapeta,24,,,,,,,,,
Vissannapeta,43,,,,,,,,,
Vissannapeta,11,,,,,,,,,
Vissannapeta,34,,,,,,,,,
Vissannapeta,13,,,,,,,,,
Vissannapeta,423,,,,,,,,,
Vissannapeta,438,,,,,,,,,
Vissannapeta,30,,,,,,,,,
Vissannapeta,6,,,,,,,,,
Vissannapeta,35,,,,,,,,,
Vissannapeta,49,,,,,,,,,
Vissannapeta,14,,,,,,,,,
Vissannapeta,167,,,,,,,,,
Vissannapeta,425,,,,,,,,,
Vissannapeta,45,,,,,,,,,
Vissannapeta,427,,,,,,,,,
Vissannapeta,431,,,,,,,,,
Vissannapeta,12,,,,,,,,,
Vissannapeta,434,,,,,,,,,
Vissannapeta,422,,,,,,,,,
Vissannapeta,17,,,,,,,,,
Vissannapeta,356,,,,,,,,,
Vissannapeta,369,,,,,,,,,
Vissannapeta,278,,,,,,,,,
Vissannapeta,285,,,,,,,,,
Vissannapeta,430,,,,,,,,,
Vissannapeta,437,,,,,,,,,
Vissannapeta,439,,,,,,,,,
Vissannapeta,8,,,,,,,,,
Vissannapeta,18,,,,,,,,,
Vissannapeta,231,,,,,,,,,
Vissannapeta,7,,,,,,,,,
Vissannapeta,320,,,,,,,,,
Chandrupatla,45,,,,,,,,,
Chandrupatla,427,,,,,,,,,
Chandrupatla,431,,,,,,,,,
Chandrupatla,12,,,,,,,,,
Chandrupatla,434,,,,,,,,,
Chandrupatla,422,,,,,,,,,
Chandrupatla,17,,,,,,,,,
Kalagara,423,,,,,,,,,
Kalagara,438,,,,,,,,,
Kalagara,13,,,,,,,,,
Kalagara,34,,,,,,,,,
Kalagara,11,,,,,,,,,
Kalagara,43,,,,,,,,,
Kondaparava,45,,,,,,,,,
Kondaparava,427,,,,,,,,,
Kondaparava,431,,,,,,,,,
Kondaparava,12,,,,,,,,,
Kondaparava,434,,,,,,,,,
Kondaparava,422,,,,,,,,,
Kondaparava,17,,,,,,,,,
Korlamanda,423,,,,,,,,,
Korlamanda,438,,,,,,,,,
Korlamanda,13,,,,,,,,,
Korlamanda,34,,,,,,,,,
Korlamanda,11,,,,,,,,,
Korlamanda,43,,,,,,,,,
Maremanda,30,,,,,,,,,
Maremanda,49,,,,,,,,,
Maremanda,35,,,,,,,,,
Maremanda,6,,,,,,,,,
Maremanda,14,,,,,,,,,
Maremanda,425,,,,,,,,,
Narasapuram,30,,,,,,,,,
Narasapuram,49,,,,,,,,,
Narasapuram,35,,,,,,,,,
Narasapuram,6,,,,,,,,,
Narasapuram,14,,,,,,,,,
Narasapuram,425,,,,,,,,,
Narasapuram,167,,,,,,,,,
Putrela,34,,,,,,,,,
Putrela,13,,,,,,,,,
Putrela,11,,,,,,,,,
Putrela,423,,,,,,,,,
Putrela,43,,,,,,,,,
Putrela,438,,,,,,,,,
Putrela,289,,,,,,,,,
Putrela,437,,,,,,,,,
Putrela,439,,,,,,,,,
Putrela,435,,,,,,,,,
Putrela,7,,,,,,,,,
Putrela,8,,,,,,,,,
Putrela,18,,,,,,,,,
Tatakuntla,45,,,,,,,,,
Tatakuntla,427,,,,,,,,,
Tatakuntla,431,,,,,,,,,
Tatakuntla,12,,,,,,,,,
Tatakuntla,434,,,,,,,,,
Tatakuntla,422,,,,,,,,,
Tatakuntla,17,,,,,,,,,
Telladevarapalli,34,,,,,,,,,
Telladevarapalli,13,,,,,,,,,
Telladevarapalli,11,,,,,,,,,
Telladevarapalli,423,,,,,,,,,
Telladevarapalli,43,,,,,,,,,
Telladevarapalli,438,,,,,,,,,
Telladevarapalli,289,,,,,,,,,
Vemireddipalli,437,,,,,,,,,
Vemireddipalli,439,,,,,,,,,
Vemireddipalli,435,,,,,,,,,
Vemireddipalli,7,,,,,,,,,
Vemireddipalli,8,,,,,,,,,
Vemireddipalli,18,,,,,,,,,
Choutapalli,420,,,,,,,,,
Choutapalli,416,,,,,,,,,
Choutapalli,338,,,,,,,,,
Choutapalli,325,,,,,,,,,
Choutapalli,413,,,,,,,,,
Choutapalli,418,,,,,,,,,
Choutapalli,333,,,,,,,,,
Choutapalli,330,,,,,,,,,
Ganugapadu,420,,,,,,,,,
Ganugapadu,416,,,,,,,,,
Ganugapadu,338,,,,,,,,,
Ganugapadu,325,,,,,,,,,
Ganugapadu,413,,,,,,,,,
Ganugapadu,418,,,,,,,,,
Ganugapadu,333,,,,,,,,,
Ganugapadu,330,,,,,,,,,
G.Kothuru,322,,,,,,,,,
G.Kothuru,326,,,,,,,,,
G.Kothuru,346,,,,,,,,,
G.Kothuru,329,,,,,,,,,
G.Kothuru,339,,,,,,,,,
G.Kothuru,331,,,,,,,,,
G.Kothuru,337,,,,,,,,,
G.Kothuru,40,,,,,,,,,
Chinthalapadu,420,,,,,,,,,
Chinthalapadu,416,,,,,,,,,
Chinthalapadu,338,,,,,,,,,
Chinthalapadu,325,,,,,,,,,
Chinthalapadu,413,,,,,,,,,
Chinthalapadu,418,,,,,,,,,
Chinthalapadu,333,,,,,,,,,
Chinthalapadu,330,,,,,,,,,
Erukopadu,420,,,,,,,,,
Erukopadu,416,,,,,,,,,
Erukopadu,338,,,,,,,,,
Erukopadu,325,,,,,,,,,
Erukopadu,413,,,,,,,,,
Erukopadu,418,,,,,,,,,
Erukopadu,333,,,,,,,,,
Erukopadu,330,,,,,,,,,
Kommireddipalli,343,,,,,,,,,
Kommireddipalli,347,,,,,,,,,
Kommireddipalli,415,,,,,,,,,
Kommireddipalli,341,,,,,,,,,
Kommireddipalli,334,,,,,,,,,
Kommireddipalli,344,,,,,,,,,
Kommireddipalli,412,,,,,,,,,
Vamakuntla,414,,,,,,,,,
Vamakuntla,323,,,,,,,,,
Vamakuntla,324,,,,,,,,,
Vamakuntla,419,,,,,,,,,
Vamakuntla,327,,,,,,,,,
Vamakuntla,358,,,,,,,,,
Vamakuntla,342,,,,,,,,,
Vamakuntla,411,,,,,,,,,
Mustikuntla,343,,,,,,,,,
Mustikuntla,347,,,,,,,,,
Mustikuntla,415,,,,,,,,,
Mustikuntla,341,,,,,,,,,
Mustikuntla,334,,,,,,,,,
Mustikuntla,344,,,,,,,,,
Mustikuntla,412,,,,,,,,,
Rolupadi,322,,,,,,,,,
Rolupadi,326,,,,,,,,,
Rolupadi,346,,,,,,,,,
Rolupadi,329,,,,,,,,,
Rolupadi,339,,,,,,,,,
Rolupadi,331,,,,,,,,,
Rolupadi,337,,,,,,,,,
Rolupadi,40,,,,,,,,,
Kokilampadu,340,,,,,,,,,
Kokilampadu,332,,,,,,,,,
Kokilampadu,336,,,,,,,,,
Kokilampadu,335,,,,,,,,,
Kokilampadu,349,,,,,,,,,
Kokilampadu,328,,,,,,,,,
Kokilampadu,348,,,,,,,,,
Kokilampadu,417,,,,,,,,,
Laxmipuram,322,,,,,,,,,
Laxmipuram,326,,,,,,,,,
Laxmipuram,346,,,,,,,,,
Laxmipuram,329,,,,,,,,,
Laxmipuram,339,,,,,,,,,
Laxmipuram,331,,,,,,,,,
Laxmipuram,337,,,,,,,,,
Laxmipuram,40,,,,,,,,,
Mallela,340,,,,,,,,,
Mallela,332,,,,,,,,,
Mallela,336,,,,,,,,,
Mallela,335,,,,,,,,,
Mallela,349,,,,,,,,,
Mallela,328,,,,,,,,,
Mallela,348,,,,,,,,,
Mallela,417,,,,,,,,,
Kakarla,322,,,,,,,,,
Kakarla,326,,,,,,,,,
Kakarla,346,,,,,,,,,
Kakarla,329,,,,,,,,,
Kakarla,339,,,,,,,,,
Kakarla,331,,,,,,,,,
Kakarla,337,,,,,,,,,
Kakarla,40,,,,,,,,,
Anjaneyapuram,340,,,,,,,,,
Anjaneyapuram,332,,,,,,,,,
Anjaneyapuram,336,,,,,,,,,
Anjaneyapuram,335,,,,,,,,,
Anjaneyapuram,349,,,,,,,,,
Anjaneyapuram,328,,,,,,,,,
Anjaneyapuram,348,,,,,,,,,
Anjaneyapuram,417,,,,,,,,,
Chittela,340,,,,,,,,,
Chittela,332,,,,,,,,,
Chittela,336,,,,,,,,,
Chittela,335,,,,,,,,,
Chittela,349,,,,,,,,,
Chittela,328,,,,,,,,,
Chittela,348,,,,,,,,,
Chittela,417,,,,,,,,,
Munukulla,343,,,,,,,,,
Munukulla,347,,,,,,,,,
Munukulla,415,,,,,,,,,
Munukulla,341,,,,,,,,,
Munukulla,334,,,,,,,,,
Munukulla,344,,,,,,,,,
Munukulla,412,,,,,,,,,
Akkapalem,420,,,,,,,,,
Akkapalem,416,,,,,,,,,
Akkapalem,338,,,,,,,,,
Akkapalem,325,,,,,,,,,
Akkapalem,413,,,,,,,,,
Akkapalem,418,,,,,,,,,
Akkapalem,333,,,,,,,,,
Akkapalem,330,,,,,,,,,
Vavilala,414,,,,,,,,,
Vavilala,323,,,,,,,,,
Vavilala,324,,,,,,,,,
Vavilala,419,,,,,,,,,
Vavilala,327,,,,,,,,,
Vavilala,358,,,,,,,,,
Vavilala,342,,,,,,,,,
Vavilala,411,,,,,,,,,
Peddavaram,414,,,,,,,,,
Peddavaram,323,,,,,,,,,
Peddavaram,324,,,,,,,,,
Peddavaram,419,,,,,,,,,
Peddavaram,327,,,,,,,,,
Peddavaram,358,,,,,,,,,
Peddavaram,342,,,,,,,,,
Peddavaram,411,,,,,,,,,
Erramadu,414,,,,,,,,,
Erramadu,323,,,,,,,,,
Erramadu,324,,,,,,,,,
Erramadu,419,,,,,,,,,
Erramadu,327,,,,,,,,,
Erramadu,358,,,,,,,,,
Erramadu,342,,,,,,,,,
Erramadu,411,,,,,,,,,
UMMADADEVARAPALLI,449,,,,,,,,,
UMMADADEVARAPALLI,470,,,,,,,,,
UMMADADEVARAPALLI,443,,,,,,,,,
UMMADADEVARAPALLI,457,,,,,,,,,
UMMADADEVARAPALLI,461,,,,,,,,,
UMMADADEVARAPALLI,444,,,,,,,,,
UMMADADEVARAPALLI,20,,,,,,,,,
UMMADADEVARAPALLI,447,,,,,,,,,
NEMALI,449,,,,,,,,,
NEMALI,470,,,,,,,,,
NEMALI,443,,,,,,,,,
NEMALI,457,,,,,,,,,
NEMALI,461,,,,,,,,,
NEMALI,444,,,,,,,,,
NEMALI,20,,,,,,,,,
NEMALI,447,,,,,,,,,
KONIJARAL,463,,,,,,,,,
KONIJARAL,450,,,,,,,,,
KONIJARAL,469,,,,,,,,,
KONIJARAL,446,,,,,,,,,
KONIJARAL,456,,,,,,,,,
KONIJARAL,442,,,,,,,,,
KONIJARAL,468,,,,,,,,,
KONIJARAL,48,,,,,,,,,
KONIJARAL,448,,,,,,,,,
VUTUKURU,449,,,,,,,,,
VUTUKURU,470,,,,,,,,,
VUTUKURU,443,,,,,,,,,
VUTUKURU,457,,,,,,,,,
VUTUKURU,461,,,,,,,,,
VUTUKURU,444,,,,,,,,,
VUTUKURU,20,,,,,,,,,
VUTUKURU,447,,,,,,,,,
VUTUKURU,450,,,,,,,,,
VUTUKURU,469,,,,,,,,,
VUTUKURU,446,,,,,,,,,
VUTUKURU,456,,,,,,,,,
VUTUKURU,442,,,,,,,,,
VUTUKURU,468,,,,,,,,,
VUTUKURU,48,,,,,,,,,
VUTUKURU,448,,,,,,,,,
VUTUKURU,25,,,,,,,,,
VUTUKURU,28,,,,,,,,,
VUTUKURU,465,,,,,,,,,
VUTUKURU,44,,,,,,,,,
VUTUKURU,38,,,,,,,,,
VUTUKURU,451,,,,,,,,,
VUTUKURU,467,,,,,,,,,
VUTUKURU,56,,,,,,,,,
VUTUKURU,464,,,,,,,,,
VUTUKURU,462,,,,,,,,,
VUTUKURU,455,,,,,,,,,
VUTUKURU,463,,,,,,,,,
VUTUKURU,452,,,,,,,,,
VUTUKURU,46,,,,,,,,,
VUTUKURU,454,,,,,,,,,
VUTUKURU,459,,,,,,,,,
VUTUKURU,460,,,,,,,,,
VUTUKURU,453,,,,,,,,,
GADEVARIGUDEM,25,,,,,,,,,
GADEVARIGUDEM,28,,,,,,,,,
GADEVARIGUDEM,465,,,,,,,,,
GADEVARIGUDEM,44,,,,,,,,,
GADEVARIGUDEM,38,,,,,,,,,
GADEVARIGUDEM,445,,,,,,,,,
GADEVARIGUDEM,31,,,,,,,,,
GADEVARIGUDEM,466,,,,,,,,,
DUNDIRLAPADU,463,,,,,,,,,
DUNDIRLAPADU,450,,,,,,,,,
DUNDIRLAPADU,469,,,,,,,,,
DUNDIRLAPADU,446,,,,,,,,,
DUNDIRLAPADU,456,,,,,,,,,
DUNDIRLAPADU,442,,,,,,,,,
DUNDIRLAPADU,468,,,,,,,,,
DUNDIRLAPADU,48,,,,,,,,,
DUNDIRLAPADU,448,,,,,,,,,
TUNIKIPADU,25,,,,,,,,,
TUNIKIPADU,28,,,,,,,,,
TUNIKIPADU,465,,,,,,,,,
TUNIKIPADU,44,,,,,,,,,
TUNIKIPADU,38,,,,,,,,,
TUNIKIPADU,445,,,,,,,,,
TUNIKIPADU,31,,,,,,,,,
TUNIKIPADU,466,,,,,,,,,
RAJAVARAM,449,,,,,,,,,
RAJAVARAM,470,,,,,,,,,
RAJAVARAM,443,,,,,,,,,
RAJAVARAM,457,,,,,,,,,
RAJAVARAM,461,,,,,,,,,
RAJAVARAM,444,,,,,,,,,
RAJAVARAM,20,,,,,,,,,
RAJAVARAM,447,,,,,,,,,
PENUGOLANU,449,,,,,,,,,
PENUGOLANU,470,,,,,,,,,
PENUGOLANU,443,,,,,,,,,
PENUGOLANU,457,,,,,,,,,
PENUGOLANU,461,,,,,,,,,
PENUGOLANU,444,,,,,,,,,
PENUGOLANU,20,,,,,,,,,
PENUGOLANU,447,,,,,,,,,
PENUGOLANU,450,,,,,,,,,
PENUGOLANU,469,,,,,,,,,
PENUGOLANU,446,,,,,,,,,
PENUGOLANU,456,,,,,,,,,
PENUGOLANU,442,,,,,,,,,
PENUGOLANU,468,,,,,,,,,
PENUGOLANU,48,,,,,,,,,
PENUGOLANU,448,,,,,,,,,
PENUGOLANU,25,,,,,,,,,
PENUGOLANU,28,,,,,,,,,
PENUGOLANU,465,,,,,,,,,
PENUGOLANU,44,,,,,,,,,
PENUGOLANU,38,,,,,,,,,
PENUGOLANU,451,,,,,,,,,
PENUGOLANU,467,,,,,,,,,
PENUGOLANU,56,,,,,,,,,
PENUGOLANU,464,,,,,,,,,
PENUGOLANU,462,,,,,,,,,
PENUGOLANU,455,,,,,,,,,
PENUGOLANU,463,,,,,,,,,
PENUGOLANU,452,,,,,,,,,
PENUGOLANU,46,,,,,,,,,
PENUGOLANU,454,,,,,,,,,
PENUGOLANU,459,,,,,,,,,
PENUGOLANU,460,,,,,,,,,
PENUGOLANU,453,,,,,,,,,
GOSAVEEDU,450,,,,,,,,,
GOSAVEEDU,469,,,,,,,,,
GOSAVEEDU,446,,,,,,,,,
GOSAVEEDU,456,,,,,,,,,
GOSAVEEDU,442,,,,,,,,,
GOSAVEEDU,468,,,,,,,,,
GOSAVEEDU,48,,,,,,,,,
GOSAVEEDU,448,,,,,,,,,
PEDAKOMERA,449,,,,,,,,,
PEDAKOMERA,470,,,,,,,,,
PEDAKOMERA,443,,,,,,,,,
PEDAKOMERA,457,,,,,,,,,
PEDAKOMERA,461,,,,,,,,,
PEDAKOMERA,444,,,,,,,,,
PEDAKOMERA,20,,,,,,,,,
PEDAKOMERA,447,,,,,,,,,
MEDURU,450,,,,,,,,,
MEDURU,469,,,,,,,,,
MEDURU,446,,,,,,,,,
MEDURU,456,,,,,,,,,
MEDURU,442,,,,,,,,,
MEDURU,468,,,,,,,,,
MEDURU,48,,,,,,,,,
MEDURU,448,,,,,,,,,
SATYALAPADU,25,,,,,,,,,
SATYALAPADU,28,,,,,,,,,
SATYALAPADU,465,,,,,,,,,
SATYALAPADU,44,,,,,,,,,
SATYALAPADU,38,,,,,,,,,
SATYALAPADU,445,,,,,,,,,
SATYALAPADU,31,,,,,,,,,
SATYALAPADU,466,,,,,,,,,
CHINTALANARVA,25,,,,,,,,,
CHINTALANARVA,28,,,,,,,,,
CHINTALANARVA,465,,,,,,,,,
CHINTALANARVA,44,,,,,,,,,
CHINTALANARVA,38,,,,,,,,,
CHINTALANARVA,445,,,,,,,,,
CHINTALANARVA,31,,,,,,,,,
CHINTALANARVA,466,,,,,,,,,
ARLAPADU,458,,,,,,,,,
ARLAPADU,441,,,,,,,,,
ARLAPADU,26,,,,,,,,,
ARLAPADU,451,,,,,,,,,
ARLAPADU,467,,,,,,,,,
ARLAPADU,56,,,,,,,,,
ARLAPADU,464,,,,,,,,,
ARLAPADU,462,,,,,,,,,
GULLAPUDI,458,,,,,,,,,
GULLAPUDI,441,,,,,,,,,
GULLAPUDI,26,,,,,,,,,
GULLAPUDI,451,,,,,,,,,
GULLAPUDI,467,,,,,,,,,
GULLAPUDI,56,,,,,,,,,
GULLAPUDI,464,,,,,,,,,
GULLAPUDI,462,,,,,,,,,
LINGALA,458,,,,,,,,,
LINGALA,441,,,,,,,,,
LINGALA,26,,,,,,,,,
LINGALA,451,,,,,,,,,
LINGALA,467,,,,,,,,,
LINGALA,56,,,,,,,,,
LINGALA,464,,,,,,,,,
LINGALA,462,,,,,,,,,
SOBBALA,458,,,,,,,,,
SOBBALA,441,,,,,,,,,
SOBBALA,26,,,,,,,,,
SOBBALA,451,,,,,,,,,
SOBBALA,467,,,,,,,,,
SOBBALA,56,,,,,,,,,
SOBBALA,464,,,,,,,,,
SOBBALA,462,,,,,,,,,
GAMPALAGUDEM,455,,,,,,,,,
GAMPALAGUDEM,452,,,,,,,,,
GAMPALAGUDEM,46,,,,,,,,,
GAMPALAGUDEM,454,,,,,,,,,
GAMPALAGUDEM,459,,,,,,,,,
GAMPALAGUDEM,460,,,,,,,,,
GAMPALAGUDEM,453,,,,,,,,,
GAMPALAGUDEM,168,,,,,,,,,
GAMPALAGUDEM,219,,,,,,,,,
GAMPALAGUDEM,26,,,,,,,,,
KANUMURU,458,,,,,,,,,
KANUMURU,441,,,,,,,,,
KANUMURU,26,,,,,,,,,
KANUMURU,451,,,,,,,,,
KANUMURU,467,,,,,,,,,
KANUMURU,56,,,,,,,,,
KANUMURU,464,,,,,,,,,
KANUMURU,462,,,,,,,,,
KOTHAPALLI,455,,,,,,,,,
KOTHAPALLI,463,,,,,,,,,
KOTHAPALLI,452,,,,,,,,,
KOTHAPALLI,46,,,,,,,,,
KOTHAPALLI,454,,,,,,,,,
KOTHAPALLI,459,,,,,,,,,
KOTHAPALLI,460,,,,,,,,,
KOTHAPALLI,453,,,,,,,,,
AMMIREDDYGUDEM,449,,,,,,,,,
AMMIREDDYGUDEM,470,,,,,,,,,
AMMIREDDYGUDEM,443,,,,,,,,,
AMMIREDDYGUDEM,457,,,,,,,,,
AMMIREDDYGUDEM,461,,,,,,,,,
AMMIREDDYGUDEM,444,,,,,,,,,
AMMIREDDYGUDEM,20,,,,,,,,,
AMMIREDDYGUDEM,447,,,,,,,,,
VINAGADAPA,455,,,,,,,,,
VINAGADAPA,463,,,,,,,,,
VINAGADAPA,452,,,,,,,,,
VINAGADAPA,46,,,,,,,,,
VINAGADAPA,454,,,,,,,,,
VINAGADAPA,459,,,,,,,,,
VINAGADAPA,460,,,,,,,,,
VINAGADAPA,453,,,,,,,,,
VINAGADAPA,168,,,,,,,,,
VINAGADAPA,219,,,,,,,,,
ANUMULLANKA,455,,,,,,,,,
ANUMULLANKA,463,,,,,,,,,
ANUMULLANKA,452,,,,,,,,,
ANUMULLANKA,46,,,,,,,,,
ANUMULLANKA,454,,,,,,,,,
ANUMULLANKA,459,,,,,,,,,
ANUMULLANKA,460,,,,,,,,,
ANUMULLANKA,453,,,,,,,,,
kummarikuntla,409,,,,,,,,,
kummarikuntla,401,,,,,,,,,
kummarikuntla,397,,,,,,,,,
kummarikuntla,383,,,,,,,,,
kummarikuntla,385,,,,,,,,,
kummarikuntla,394,,,,,,,,,
Marepalli,393,,,,,,,,,
Marepalli,382,,,,,,,,,
Marepalli,399,,,,,,,,,
Marepalli,405,,,,,,,,,
Marepalli,388,,,,,,,,,
Marepalli,386,,,,,,,,,
Repudi thanda,391,,,,,,,,,
Repudi thanda,390,,,,,,,,,
Repudi thanda,392,,,,,,,,,
Repudi thanda,408,,,,,,,,,
Repudi thanda,410,,,,,,,,,
Repudi thanda,381,,,,,,,,,
Vallampatla,384,,,,,,,,,
Vallampatla,387,,,,,,,,,
Vallampatla,389,,,,,,,,,
Vallampatla,400,,,,,,,,,
Vallampatla,406,,,,,,,,,
Vallampatla,402,,,,,,,,,
Jeellakunta,395,,,,,,,,,
Jeellakunta,396,,,,,,,,,
Jeellakunta,398,,,,,,,,,
Jeellakunta,404,,,,,,,,,
Jeellakunta,407,,,,,,,,,
Jeellakunta,403,,,,,,,,,
Krishnaraopalem,394,,,,,,,,,
Krishnaraopalem,407,,,,,,,,,
Krishnaraopalem,397,,,,,,,,,
Krishnaraopalem,412,,,,,,,,,
Krishnaraopalem,402,,,,,,,,,
Krishnaraopalem,409,,,,,,,,,
Krishnaraopalem,403,,,,,,,,,
Repudi,392,,,,,,,,,
Repudi,410,,,,,,,,,
Repudi,381,,,,,,,,,
Repudi,408,,,,,,,,,
Repudi,390,,,,,,,,,
Repudi,391,,,,,,,,,
Koduru,395,,,,,,,,,
Koduru,401,,,,,,,,,
Koduru,398,,,,,,,,,
Koduru,384,,,,,,,,,
Koduru,387,,,,,,,,,
Koduru,385,,,,,,,,,
Polishettipadu,388,,,,,,,,,
Polishettipadu,405,,,,,,,,,
Polishettipadu,386,,,,,,,,,
Polishettipadu,393,,,,,,,,,
Polishettipadu,399,,,,,,,,,
Polishettipadu,382,,,,,,,,,
Gopalapuram,396,,,,,,,,,
Gopalapuram,389,,,,,,,,,
Gopalapuram,406,,,,,,,,,
Gopalapuram,400,,,,,,,,,
Gopalapuram,383,,,,,,,,,
Gopalapuram,404,,,,,,,,,
Cheemalapadu,396,,,,,,,,,
Cheemalapadu,389,,,,,,,,,
Cheemalapadu,406,,,,,,,,,
Cheemalapadu,400,,,,,,,,,
Cheemalapadu,383,,,,,,,,,
Cheemalapadu,404,,,,,,,,,
Cheemalapadu,39,,,,,,,,,
Khampampadu,388,,,,,,,,,
Khampampadu,405,,,,,,,,,
Khampampadu,386,,,,,,,,,
Khampampadu,393,,,,,,,,,
Khampampadu,399,,,,,,,,,
Khampampadu,382,,,,,,,,,
Khampampadu,142,,,,,,,,,
Khampampadu,238,,,,,,,,,
A. Konduru,395,,,,,,,,,
A. Konduru,401,,,,,,,,,
A. Konduru,398,,,,,,,,,
A. Konduru,384,,,,,,,,,
A. Konduru,387,,,,,,,,,
A. Konduru,385,,,,,,,,,
A. Konduru,389,,,,,,,,,
A. Konduru,400,,,,,,,,,
A. Konduru,406,,,,,,,,,
A. Konduru,396,,,,,,,,,
Ramachandrapuram,394,,,,,,,,,
Ramachandrapuram,407,,,,,,,,,
Ramachandrapuram,397,,,,,,,,,
Ramachandrapuram,402,,,,,,,,,
Ramachandrapuram,409,,,,,,,,,
Ramachandrapuram,403,,,,,,,,,
Madhavaram,392,,,,,,,,,
Madhavaram,410,,,,,,,,,
Madhavaram,381,,,,,,,,,
Madhavaram,408,,,,,,,,,
Madhavaram,391,,,,,,,,,
Madhavaram,390,,,,,,,,,
Thurlapadu,1,,,,,,,,,
Thurlapadu,4,,,,,,,,,
Thurlapadu,240,,,,,,,,,
Thurlapadu,248,,,,,,,,,
Thurlapadu,429,,,,,,,,,
Thurlapadu,232,,,,,,,,,
Thurlapadu,146,,,,,,,,,
Thurlapadu,23,,,,,,,,,
Konayapalem,5,,,,,,,,,
Konayapalem,162,,,,,,,,,
Konayapalem,163,,,,,,,,,
Konayapalem,221,,,,,,,,,
Konayapalem,229,,,,,,,,,
Konayapalem,234,,,,,,,,,
Konayapalem,300,,,,,,,,,
Konayapalem,301,,,,,,,,,
Konayapalem,303,,,,,,,,,
Konayapalem,311,,,,,,,,,
Konayapalem,315,,,,,,,,,
Konayapalem,169,,,,,,,,,
Konayapalem,426,,,,,,,,,
Konayapalem,158,,,,,,,,,
Muppalla,254,,,,,,,,,
Muppalla,235,,,,,,,,,
Muppalla,236,,,,,,,,,
Muppalla,149,,,,,,,,,
Muppalla,251,,,,,,,,,
Muppalla,216,,,,,,,,,
Muppalla,152,,,,,,,,,
Muppalla,3,,,,,,,,,
Muppalla,145,,,,,,,,,
Muppalla,138,,,,,,,,,
Muppalla,143,,,,,,,,,
Muppalla,170,,,,,,,,,
Veerullapadu,428,,,,,,,,,
Veerullapadu,440,,,,,,,,,
Veerullapadu,159,,,,,,,,,
Veerullapadu,21,,,,,,,,,
Veerullapadu,29,,,,,,,,,
Veerullapadu,37,,,,,,,,,
Jujjuru,39,,,,,,,,,
Jujjuru,144,,,,,,,,,
Jujjuru,50,,,,,,,,,
Jujjuru,432,,,,,,,,,
Jujjuru,41,,,,,,,,,
Jujjuru,440,,,,,,,,,
Jayanthi,22,,,,,,,,,
Jayanthi,47,,,,,,,,,
Jayanthi,109,,,,,,,,,
Jayanthi,110,,,,,,,,,
Jayanthi,151,,,,,,,,,
Jayanthi,150,,,,,,,,,
Jayanthi,159,,,,,,,,,
Jayanthi,146,,,,,,,,,
Kanchela,291,,,,,,,,,
Kanchela,295,,,,,,,,,
Kanchela,297,,,,,,,,,
Kanchela,298,,,,,,,,,
Kanchela,304,,,,,,,,,
Kanchela,307,,,,,,,,,
Kanchela,107,,,,,,,,,
Peddavaram,320,,,,,,,,,
Peddavaram,308,,,,,,,,,
Peddavaram,312,,,,,,,,,
Peddavaram,318,,,,,,,,,
Peddavaram,305,,,,,,,,,
Peddavaram,314,,,,,,,,,
G.kondur,172,,,,,,,,,
G.kondur,176,,,,,,,,,
G.kondur,173,,,,,,,,,
G.kondur,175,,,,,,,,,
G.kondur,174,,,,,,,,,
G.kondur,178,,,,,,,,,
G.kondur,177,,,,,,,,,
G.kondur,195,,,,,,,,,
G.kondur,196,,,,,,,,,
G.kondur,197,,,,,,,,,
G.kondur,198,,,,,,,,,
G.kondur,199,,,,,,,,,
G.kondur,179,,,,,,,,,
G.kondur,180,,,,,,,,,
G.kondur,182,,,,,,,,,
G.kondur,188,,,,,,,,,
G.kondur,189,,,,,,,,,
G.kondur,191,,,,,,,,,
G.kondur,190,,,,,,,,,
G.kondur,171,,,,,,,,,
G.kondur,193,,,,,,,,,
G.kondur,187,,,,,,,,,
Velagaleru,184,,,,,,,,,
Velagaleru,185,,,,,,,,,
Velagaleru,186,,,,,,,,,
Velagaleru,192,,,,,,,,,
Velagaleru,194,,,,,,,,,
Velagaleru,183,,,,,,,,,
Velagaleru,181,,,,,,,,,
Peddapuram,150,,,,,,,,,
Peddapuram,29,,,,,,,,,
Peddapuram,432,,,,,,,,,
Peddapuram,110,,,,,,,,,
Peddapuram,159,,,,,,,,,
Peddapuram,206,,,,,,,,,
Peddapuram,305,,,,,,,,,
Peddapuram,47,,,,,,,,,
Peddapuram,144,,,,,,,,,
Peddapuram,39,,,,,,,,,
Peddapuram,37,,,,,,,,,
Peddapuram,41,,,,,,,,,
Peddapuram,151,,,,,,,,,
Peddapuram,428,,,,,,,,,
Peddapuram,308,,,,,,,,,
Peddapuram,440,,,,,,,,,
